Bereich,HK_Code,HK_Titel,Leitfragen_Code,Praxisauftrag,Lehrjahr_Praxis,Leitfrage,Leistungsziel_Betrieb,Leistungsziel_UeK,BoK_Detail
a. Handeln in agilen Arbeits- und Organisationsformen,a1,Kaufmännische Kompetenzentwicklung überprüfen und weiterentwickeln,a1.1,SMARTe Ziele setzen und Massnahmen ableiten,2,Dokumentiere ich meine Kompetenzen und meine Kompetenzentwicklung zielführend?,,,
a. Handeln in agilen Arbeits- und Organisationsformen,a1,Kaufmännische Kompetenzentwicklung überprüfen und weiterentwickeln,a1.2,Aktiv an Qualifikationsgesprächen teilnehmen,1,Nehme ich in sinnvollen Abständen gewissenhaft eine persönliche Standortbestimmung vor?,,,
a. Handeln in agilen Arbeits- und Organisationsformen,a1,Kaufmännische Kompetenzentwicklung überprüfen und weiterentwickeln,a1.3,"Talente, Stärken & Schwächen entdecken",3,Nutze ich SMARTe Ziele und passende Massnahmen zur Zielerreichung für meine eigene berufliche Entwicklung?,,,
a. Handeln in agilen Arbeits- und Organisationsformen,a1,Kaufmännische Kompetenzentwicklung überprüfen und weiterentwickeln,a1.4,,,Treibe ich meine eigene berufliche Entwicklung proaktiv voran?,,,
a. Handeln in agilen Arbeits- und Organisationsformen,a2,Netzwerke im kaufmännischen Bereich aufbauen und nutzen,a2.1,Sich über berufliche Netzwerke informieren,1,"Bemühe ich mich aktiv, mein berufliches Netzwerk aufzubauen?",,,
a. Handeln in agilen Arbeits- und Organisationsformen,a2,Netzwerke im kaufmännischen Bereich aufbauen und nutzen,a2.2,Berufliches Netzwerk pflegen,3,Nutze ich mein berufliches Netzwerk zielgerichtet?,,,
a. Handeln in agilen Arbeits- und Organisationsformen,a2,Netzwerke im kaufmännischen Bereich aufbauen und nutzen,a2.3,Eigenes Profil auf Social Media updaten,3,Positioniere ich mich innerhalb des beruflichen Netzwerks angemessen?,,,
a. Handeln in agilen Arbeits- und Organisationsformen,a2,Netzwerke im kaufmännischen Bereich aufbauen und nutzen,a2.4,,,Halte ich mich zu den beruflichen Netzwerken in meiner Branche auf dem Laufenden?,,,
a. Handeln in agilen Arbeits- und Organisationsformen,a3,Kaufmännische Aufträge entgegennehmen und bearbeiten,a3.1,Auftrag klären und durchführen,2,Kann ich eine vollständige Auftragsklärung vornehmen?,,,
a. Handeln in agilen Arbeits- und Organisationsformen,a3,Kaufmännische Aufträge entgegennehmen und bearbeiten,a3.2,Rückmeldungen entgegennehmen,3,"Bin ich in der Lage, die Umsetzung meiner Aufträge sinnvoll zu planen?",,,
a. Handeln in agilen Arbeits- und Organisationsformen,a3,Kaufmännische Aufträge entgegennehmen und bearbeiten,a3.3,,,Gehe ich bei der Bearbeitung meiner Aufgaben strukturiert und zielgerichtet vor?,,,
a. Handeln in agilen Arbeits- und Organisationsformen,a3,Kaufmännische Aufträge entgegennehmen und bearbeiten,a3.4,,,Gehe ich konstruktiv mit Rückmeldungen anderer um?,,,
b. Interagieren in einem vernetzten Arbeitsumfeld,b1,In unterschiedlichen Teams zur Bearbeitung kaufmännischer Aufträge zusammenarbeiten und kommunizieren,b1.1,Teamspirit leben,2,Arbeite ich mit allen Teammitgliedern respektvoll zusammen?,,,
b. Interagieren in einem vernetzten Arbeitsumfeld,b1,In unterschiedlichen Teams zur Bearbeitung kaufmännischer Aufträge zusammenarbeiten und kommunizieren,b1.2,Regulatorische Vorgaben in Kundenbeziehungen umsetzen,1,"Gelingt es mir, die Ziele und Regeln meines Teams tatkräftig zu verfolgen und einzuhalten?","


b1.bank.bt4
Sie setzen gezielt die betrieblichen Vorgaben zur Nachhaltigkeit um. (K3)

","

 	 


",
b. Interagieren in einem vernetzten Arbeitsumfeld,b1,In unterschiedlichen Teams zur Bearbeitung kaufmännischer Aufträge zusammenarbeiten und kommunizieren,b1.3,,,Gehe ich angemessen mit anspruchsvollen Situationen im Team um?,,,
b. Interagieren in einem vernetzten Arbeitsumfeld,b1,In unterschiedlichen Teams zur Bearbeitung kaufmännischer Aufträge zusammenarbeiten und kommunizieren,b1.4,,,Spreche ich Probleme mit Teammitgliedern konstruktiv an?,"b1.bank.bt5
Sie nennen die Besonderheiten bzgl. Arbeitssicherheit und Gesundheitsschutz der Bankbranche.",,
b. Interagieren in einem vernetzten Arbeitsumfeld,b1,In unterschiedlichen Teams zur Bearbeitung kaufmännischer Aufträge zusammenarbeiten und kommunizieren,b1.5,,,"Gelingt es mir, die Verhaltensrichtlinien und Gesetzesvorgaben meiner Branche sowie meines Betriebs im Zusammenhang mit Kundenbeziehungen zielführend und konsequent umzusetzen?","b1.bank.bt1
Sie setzen die Verhaltensrichtlinien der Branche Bank um. (K3)

b1.bank.bt2
Sie setzen die übergreifenden und betriebsinternen Datenschutzrichtlinien im Arbeitsalltag um. (K3)

b1.bank.bt3
Sie bearbeiten Prozesse von Kundenbeziehungen gesetzeskonform. (K3)","b1.bank.ük1
Sie erläutern die branchenrelevanten rechtlichen Grundlagen. 

b1.bank.ük2
Sie zeigen die branchenspezifischen Grundsätze und Standards im Bankwesen auf.

b1.bank.ük3
Sie erklären die branchenspezifischen Richtlinien und Vorgaben bezüglich Datenschutz, Datensicherheit und Datensicherung.

b1.bank.ük4
Sie setzen die relevanten Anforderungen und Vorgaben bei der Aufnahme von Kundenbeziehungen im Bankgeschäft um. ","b1.bank.ük1
• BankG, GwG, FINIG, FIDLEG, FINMAG, FinfraG (Ziele und zentrale Inhalte)
• Internationale Abkommen (u.a. Fatca, AIA)
• Fokus BankG: Ziele, Inhalte (Geltungsbereich, Bewilligung Geschäftsbetrieb, Eigenmittelvorschriften, Liquiditätsvorschriften, Bankkundengeheimnis, Bankenkonkurs)
• Fokus GwG: Geltungsbereich, Geldwäschereibekämpfung, Sorgfaltspflichten der Finanzintermediäre, Meldepflichten bei Geldwäschereiverdacht, Definition und Ablauf Geldwäscherei
• Gesetzliche Grundlagen der Geldausgabe (Geld- und Währungshoheit des Bundes, Notenmonopol, Münzregal)
b1.bank.ük2
• Vereinbarung über die Standesregeln zur Sorgfaltspflicht der Banken (VSB): Geltungsbereich und Zweck, Präambel, Identifikationsprüfung Vertragspartner und wirtschaftlich Berechtigte, Formular A/R/K, Verbindung zu den Geldwäschereibestimmungen, Keine aktive Beihilfe zur Steuerhinterziehung und Kapitalflucht, Sanktionsbestimmungen
• Rolle Compliance und Bedeutung der internen Weisungen der eigenen Bank
• Risk Management (Markt-, Kredit-, Liquiditätsrisiken, operationelle und rechtliche Risiken, Reputationsrisiko)
• Vorgaben und Standards zur ökologischen und sozialen Nachhaltigkeit der Branche
b1.bank.ük3
• Ziele Datenschutzgesetz (DSG), Grundsätze Datenbearbeitung
• Richtlinien zu Datenschutz (Schutz der Persönlichkeit und Grundrechte von privaten Personen), Datensicherheit (Schutz der zugrundeliegenden Daten durch Vertraulichkeit, Verfügbarkeit und Unversehrtheit) und Datensicherung (technische und organisatorische Massnahmen, um Daten zu sichern)
• Differenzierung von BankG und DSG 
b1.bank.ük4
• VSB-Richtlinien und Prinzipien der Geldwäschereibekämpfung vgl. b1.bank.ük2
o Know your Customer
o Know your Client’s Transactions
o Know your Processes 
• Notwendige Formalitäten bei der Eröffnung einer Geschäftsbeziehung"
b. Interagieren in einem vernetzten Arbeitsumfeld,b2,Schnittstellen in betrieblichen Prozessen koordinieren,b2.1,Sich dienstleistungsorientiert verhalten,2,Verhalte ich mich an betrieblichen Schnittstellen stets professionell und halte ich mich gewissenhaft an die gesetzlichen Vorgaben und internen Richtlinien?,"b2.bank.bt1
Sie setzen die betrieblichen Vorgaben und Compliance-Richtlinien bei der Verarbeitung von Bankgeschäften um. (K3)","b2.bank.ük1
Sie erklären die wichtigsten regulatorischen Grundlagen für die Verarbeitung von administrativen Bankgeschäften. ","b2.bank.ük1
• Regulatorische Grundlagen vgl. b1.bank.ük1/2/3
• Dokumentationspflichten gemäss BankG, GwG, VSB und internationale Abkommen z.B. AIA, FATCA, FIDLEG
o Know your Customer
o Know your Client’s Transactions
o Know your Processes
• Datenschutz, Datensicherheit, Datensicherung"
b. Interagieren in einem vernetzten Arbeitsumfeld,b2,Schnittstellen in betrieblichen Prozessen koordinieren,b2.2,Informationen entgegennehmen und weiterleiten,2,Leite ich Informationen an Schnittstellen gekonnt weiter?,"b2.bank.bt2
Sie bearbeiten Prozesse bei der Abwicklung von Bankgeschäften zielorientiert und in Abstimmung mit den zuständigen Stellen. (K3)",,
b. Interagieren in einem vernetzten Arbeitsumfeld,b2,Schnittstellen in betrieblichen Prozessen koordinieren,b2.3,Betriebliche Prozesse bearbeiten und Schnittstellen analysieren,2,"Gelingt es mir, betriebliche Prozesse fachlich korrekt auszuführen und Schnittstellen zielführend zu analysieren.","b2.bank.bt3
Sie wenden die für den Prozess notwendigen Fachkenntnisse in der Abwicklung an. (K3)","b2.bank.ük2
Sie setzen die branchenüblichen Prozesse bei der Abwicklung von Bank-geschäften um. ","b2.bank.ük2
• Bankinterne Prozesse und Schnittstellen aufzeigen
o Zahlungsverkehr/-mittel
o Kreditverarbeitung
o Finanzverarbeitung
o Abwicklung Handel / Treasury
o Compliance"
b. Interagieren in einem vernetzten Arbeitsumfeld,b2,Schnittstellen in betrieblichen Prozessen koordinieren,b2.4,,,Bringe ich Verbesserungsvorschläge zu betrieblichen Prozessen und Schnittstellen gekonnt ein?,,,
b. Interagieren in einem vernetzten Arbeitsumfeld,b3,In wirtschaftlichen Fachdiskussionen mitdiskutieren,b3.1,Wirtschaftliche Entwicklungen interpretieren und eine eigene Meinung bilden,3,"Recherchiere ich gekonnt geeignete Informationen zu branchenspezifischen Themen, um mir zu diesen Themen fundiert eine eigene Meinung zu bilden?","b3.bank.bt1
Sie beschreiben unterschiedlichen Anspruchsgruppen gegenüber das Geschäftsmodell der eigenen Bank. (K2)

b3.bank.bt2
Sie recherchieren aktiv über verschiedene Kanäle volkswirtschaftliche Themen und Entwicklungen im Bankwesen. (K3)

","b3.bank.ük1
Sie erklären die Geschäftsfelder im Bankwesen. 

b3.bank.ük2
Sie erklären die Funktion und Bedeutung der relevanten An-spruchsgruppen im Bankwesen. 

b3.bank.ük5
Sie identifizieren Nachhaltigkeits-themen im Bankwesen. 

b3.bank.ük8
Sie erkennen und erklären volkswirtschaftliche Zusammenhänge und beschreiben deren Einflüsse auf das Bankwesen.","b3.bank.ük1
• Retail Banking 
• Private Banking
• Kommerzielle Kunden
• Investment Banking 
• Asset Management
• Unterschiede in Bezug auf eigene Bank vgl. e2.bank.ük3
b3.bank.ük2
• Unternehmensinterne Stakeholder: Verwaltungsrat, Geschäftsleitung, Mitarbeitende in Front- und Backoffice
• Unternehmensexterne Stakeholder: Kunden, Eigenkapitalgeber, Fremdkapitalgeber, Lieferanten und Partner, Gesetzgebungs- und Aufsichtsbehörde, Politik, Medien und breite Öffentlichkeit, diverse Mitbewerber und Akteure auf dem schweizerischen und internationalen Finanzmarkt vgl. e2.bank.ük1
b3.bank.ük5
• Bankgeschäfte: nachhaltige Geldanlagen (Sustainable Finance vgl. d3.bank.üK7), nachhaltige Projekte und Investitionen, Diversifikation
• Bankbetrieb: Schonender Umgang mit Ressourcen und Emissionen, Berücksichtigung Nachhaltigkeit in der Wertschöpfungskette, Förderung und Entwicklung Mitarbeitende
• Erkennen von Risiken bei fehlender Nachhaltigkeit (z.B. Reputationsrisiken, operative Risiken, Finanz- und Verlustrisiken)
• Konkrete Umsetzung im Betrieb vgl. b1.bank.bt4
b3.bank.ük8
• Konjunkturzyklus (Expansion, Boom, Rezession, Depression)
• Inflation, Deflation (BIP, LIK, Arbeitslosigkeit)
• Geldpolitik und Preisstabilität (geld- und wirtschaftspolitische Lagebeurteilung)
• Zinsentwicklung (Aktiv- und Passivgeschäft)
• Vernetzung obiger Themen"
b. Interagieren in einem vernetzten Arbeitsumfeld,b3,In wirtschaftlichen Fachdiskussionen mitdiskutieren,b3.2,In Fachdiskussionen mitdiskutieren,3,Argumentiere und trete ich in wirtschaftlichen Fachdiskussionen überzeugend auf?,"b3.bank.bt3
Sie setzen ihre Kenntnisse über Volkswirtschaft, Märkte und Branche in Fachdiskussionen ein. (K6)

","b3.bank.ük3
Sie erklären die Entwicklungen im Bankwesen. 

b3.bank.ük4
Sie erklären die aktuellen Innovationen und Trends im Bankwesen. 

b3.bank.ük6
Sie beschreiben die relevanten geldpolitischen Instrumente im Inland. 

b3.bank.ük7
Sie erklären die relevanten geldpolitischen Instrumente im Ausland. 

b3.bank.ük9
Sie begründen die Auswirkungen von aktuellen Entwicklungen (Finanzmärkte, Volkswirtschaft, Politik) für ihre Tätigkeiten und Aufgaben im Bankwesen.
","b3.bank.ük3
• Veränderungen in der Branche auf gesetzlicher Ebene und aufgrund diverser Umweltfaktoren vgl. b3.bank.ük4/5/9
• Aktuelle und zukünftige Herausforderungen für den Finanzplatz Schweiz (Ausland vgl. b3.bank.ük9)
b3.bank.ük4
• Digitale Entwicklungen im Banking (z.B. Fintech, Open Banking, Online-Banken)
• Auswirkungen der digitalen Technologien (z.B. KI, Chat-bots, IoT, VR, AR, Blockchain, Big Data, Algorithmen) auf die verschiedenen Geschäftsbereiche und Prozesse der Bank
b3.bank.ük6
• Geld- und Währungspolitik der Schweiz
• Aufgaben und Ziele der SNB
• Bedeutung des SNB-Leitzinses (SARON)
• Offenmarktoperationen (Repo-Geschäfte, SNB-Bills)
• Stehende Fazilitäten (Innertagsfazilität, Engpassfinanzierungsfazilität)
b3.bank.ük7
• Ziele und Zweck von EZB und Fed
• Geldpolitische Instrumente: Zinspolitik, Mindestreserven, Offenmarktgeschäfte
b3.bank.ük9
• Aktuelle Lage der Finanzmärkte in der Schweiz und international (Europa, USA und China) beschreiben
• Wirtschaftliche, politische und gesellschaftliche Ereignisse in der Schweiz und international beobachten, interpre-tieren und Folgen für Finanzmärkte (Zinsniveau, Anlage-märkte, Immobilienpreise, Hypothekarmarkt) ableiten sowie Zusammenhänge verstehen 
• Entwicklung des CHF gegenüber anderen Währungen (EUR, USD, CNY, JPY) sowie Einfluss von Kryptowährungen (z.B. Bitcoin) umschreiben"
b. Interagieren in einem vernetzten Arbeitsumfeld,b3,In wirtschaftlichen Fachdiskussionen mitdiskutieren,b3.3,,,"Gelingt es mir, konstruktiv mit anderen Meinungen umzugehen?",,,
b. Interagieren in einem vernetzten Arbeitsumfeld,b3,In wirtschaftlichen Fachdiskussionen mitdiskutieren,b3.4,,,Bereite ich wirtschaftliche Fachdiskussionen zielführend nach?,,,
b. Interagieren in einem vernetzten Arbeitsumfeld,b4,Kaufmännische Projektmanagementaufgaben ausführen und Teilprojekte bearbeiten,b4.1,Projektmanagementaufgaben planen,2,"Informiere ich mich umfassend über jedes Projekt, in dem ich mitarbeite?",,,
b. Interagieren in einem vernetzten Arbeitsumfeld,b4,Kaufmännische Projektmanagementaufgaben ausführen und Teilprojekte bearbeiten,b4.2,Arbeitsumgebungen in Projekten betreuen,2,"Gelingt es mir, meine Projektmanagementaufgaben zielführend zu planen?",,,
b. Interagieren in einem vernetzten Arbeitsumfeld,b4,Kaufmännische Projektmanagementaufgaben ausführen und Teilprojekte bearbeiten,b4.3,Projekte auswerten,2,Kommuniziere ich transparent in Projekten?,,,
b. Interagieren in einem vernetzten Arbeitsumfeld,b4,Kaufmännische Projektmanagementaufgaben ausführen und Teilprojekte bearbeiten,b4.4,,,Betreue ich digitale Arbeitsumgebungen in Projekten kompetent?,,,
b. Interagieren in einem vernetzten Arbeitsumfeld,b4,Kaufmännische Projektmanagementaufgaben ausführen und Teilprojekte bearbeiten,b4.5,,,Reagiere ich flexibel auf Veränderungen im Projekt?,,,
b. Interagieren in einem vernetzten Arbeitsumfeld,b5,Betriebliche Veränderungsprozesse mitgestalten,b5.1,Veränderungen positiv mitgestalten,2,Setze ich mich zielführend mit Veränderungsprozessen in meinem Betrieb auseinander?,,,
b. Interagieren in einem vernetzten Arbeitsumfeld,b5,Betriebliche Veränderungsprozesse mitgestalten,b5.2,,,"Gelingt es mir, einen produktiven Beitrag zu Veränderungen zu leisten?",,,
b. Interagieren in einem vernetzten Arbeitsumfeld,b5,Betriebliche Veränderungsprozesse mitgestalten,b5.3,,,Bringe ich Ideen und Verbesserungsvorschläge für betriebliche Veränderungen mutig ein?,,,
c. Koordinieren von unternehmerischen Arbeitsprozessen,c1,"Aufgaben und Ressourcen im kaufmännischen Arbeitsbereich planen, koordinieren und optimieren",c1.1,Termine und Aufgaben planen und koordinieren,1,"Gelingt es mir, meine Aufgaben und Ressourcen gemäss den betrieblichen Vorgaben  zu planen?",,,
c. Koordinieren von unternehmerischen Arbeitsprozessen,c1,"Aufgaben und Ressourcen im kaufmännischen Arbeitsbereich planen, koordinieren und optimieren",c1.2,Termine und Aufgaben priorisieren,1,Priorisiere ich meine Termine und Aufgaben auf sinnvolle Weise?,,,
c. Koordinieren von unternehmerischen Arbeitsprozessen,c1,"Aufgaben und Ressourcen im kaufmännischen Arbeitsbereich planen, koordinieren und optimieren",c1.3,Ausgewogene Work-Life-Balance gestalten,1,"Nutze ich zielführende Massnahmen, um meine Aufgaben speditiv zu erledigen?",,,
c. Koordinieren von unternehmerischen Arbeitsprozessen,c1,"Aufgaben und Ressourcen im kaufmännischen Arbeitsbereich planen, koordinieren und optimieren",c1.4,Anlass für Mitarbeitende organisieren,1,Gehe ich nachhaltig mit meinen persönlichen Ressourcen um?,,,
c. Koordinieren von unternehmerischen Arbeitsprozessen,c1,"Aufgaben und Ressourcen im kaufmännischen Arbeitsbereich planen, koordinieren und optimieren",c1.5,,,Unterstütze ich die Vorbereitung von Anlässen fachgerecht?,,,
c. Koordinieren von unternehmerischen Arbeitsprozessen,c1,"Aufgaben und Ressourcen im kaufmännischen Arbeitsbereich planen, koordinieren und optimieren",c1.6,,,"Gelingt es mir, bei der Durchführung von Anlässen professionell zu unterstützten?",,,
c. Koordinieren von unternehmerischen Arbeitsprozessen,c2,Kaufmännische  Unterstützungsprozesse koordinieren und umsetzen,c2.1,Unterstützungsdokument erstellen,1,Kann ich qualitativ hochwertige Unterstützungsdokumente erstellen?,,,
c. Koordinieren von unternehmerischen Arbeitsprozessen,c2,Kaufmännische  Unterstützungsprozesse koordinieren und umsetzen,c2.2,Terminkalender führen,1,"Bin ich in der Lage, Terminkalender für mich und andere professionell zu führen?",,,
c. Koordinieren von unternehmerischen Arbeitsprozessen,c2,Kaufmännische  Unterstützungsprozesse koordinieren und umsetzen,c2.3,Protokoll führen,1,Kann ich Protokolle fachgerecht führen?,,,
c. Koordinieren von unternehmerischen Arbeitsprozessen,c2,Kaufmännische  Unterstützungsprozesse koordinieren und umsetzen,c2.4,Ablage organisieren,1,"Gelingt es mir, digitale und analoge Ablagen gewissenhaft zu erstellen, zu bewirtschaften und zu überarbeiten?  ",,,
c. Koordinieren von unternehmerischen Arbeitsprozessen,c2,Kaufmännische  Unterstützungsprozesse koordinieren und umsetzen,c2.5,,,Gehe ich verantwortungsvoll mit betrieblichen Informationen um?,,,
c. Koordinieren von unternehmerischen Arbeitsprozessen,c3,"Betriebliche Prozesse dokumentieren, koordinieren und umsetzen",c3.1,Prozess dokumentieren,2,"Bin ich in der Lage, Informationen zum Prozess zielführend einzuholen und zu verarbeiten?",,,
c. Koordinieren von unternehmerischen Arbeitsprozessen,c3,"Betriebliche Prozesse dokumentieren, koordinieren und umsetzen",c3.2,Prozesse optimieren,2,"Kann ich vollständige, verständliche und nachvollziehbare Flussdiagramme erstellen?",,,
c. Koordinieren von unternehmerischen Arbeitsprozessen,c3,"Betriebliche Prozesse dokumentieren, koordinieren und umsetzen",c3.3,Terminplan erstellen und überwachen,2,"Kann ich vollständige, verständliche und nachvollziehbare Prozessbeschreibungen erstellen?",,,
c. Koordinieren von unternehmerischen Arbeitsprozessen,c3,"Betriebliche Prozesse dokumentieren, koordinieren und umsetzen",c3.4,,,"Gelingt es mir, Personen so zu instruieren, dass sie die Handlung selbständig ausführen können?",,,
c. Koordinieren von unternehmerischen Arbeitsprozessen,c3,"Betriebliche Prozesse dokumentieren, koordinieren und umsetzen",c3.5,,,"Gelingt es mir, Optimierungsmassnahmen auszuarbeiten und umzusetzen?",,,
c. Koordinieren von unternehmerischen Arbeitsprozessen,c3,"Betriebliche Prozesse dokumentieren, koordinieren und umsetzen",c3.6,,,Kann ich realistische Terminpläne für Projekte mit mehreren Beteiligten erstellen und sie verwalten?,,,
c. Koordinieren von unternehmerischen Arbeitsprozessen,c4,Marketing- und Kommunikationsaktivitäten umsetzen,c4.1,Eigenschaften der Zielgruppe definieren,2,"Gelingt es mir, eine umfassende Zielgruppenanalyse für Kommunikationsinhalte durchzuführen?",,,
c. Koordinieren von unternehmerischen Arbeitsprozessen,c4,Marketing- und Kommunikationsaktivitäten umsetzen,c4.2,Kommunikationsinhalte erstellen,3,"Bin ich in der Lage, eine Kommunikationsmassnahme professionell zu planen?",,,
c. Koordinieren von unternehmerischen Arbeitsprozessen,c4,Marketing- und Kommunikationsaktivitäten umsetzen,c4.3,Mulitmediale Entwicklung in Kommunikationsmassnahmen berücksichtigen,3,Kann ich Kommunikationsinhalte professionell erstellen?,,,
c. Koordinieren von unternehmerischen Arbeitsprozessen,c4,Marketing- und Kommunikationsaktivitäten umsetzen,c4.4,,,Kann ich Beiträge im Internet professionell erstellen und verwalten (z.B. auf Webseiten und den Sozialen Medien)?  ,,,
c. Koordinieren von unternehmerischen Arbeitsprozessen,c4,Marketing- und Kommunikationsaktivitäten umsetzen,c4.5,,,"Gelingt es mir, die Kommunikationsmassnahme fachgerecht abzuschliessen?",,,
c. Koordinieren von unternehmerischen Arbeitsprozessen,c5,Finanzielle Vorgänge betreuen und kontrollieren,c5.1,Budget erstellen,1,Kann ich das Kassenbuch fachgerecht führen?,,,
c. Koordinieren von unternehmerischen Arbeitsprozessen,c5,Finanzielle Vorgänge betreuen und kontrollieren,c5.2,Kassenbuch führen,1,Kann ich eingegangene Rechnungen eigenverantwortlich kontrollieren?,,,
c. Koordinieren von unternehmerischen Arbeitsprozessen,c5,Finanzielle Vorgänge betreuen und kontrollieren,c5.3,Rechnung erstellen,2,Kann ich eine Rechnung selbstständig und fehlerfrei erstellen?,,,
c. Koordinieren von unternehmerischen Arbeitsprozessen,c5,Finanzielle Vorgänge betreuen und kontrollieren,c5.4,Eingegangene Rechnungen kontrollieren,1,"Bin ich in der Lage, den betrieblichen Zahlungsprozess kompetent zu unterstützen?",,,
c. Koordinieren von unternehmerischen Arbeitsprozessen,c5,Finanzielle Vorgänge betreuen und kontrollieren,c5.5,Zahlungsaufträge erstellen,1,"Kann ich aussagekräftige finanzielle Dokumente (Budgets, Kostenvergleiche oder Abrechnungen) erstellen?",,,
c. Koordinieren von unternehmerischen Arbeitsprozessen,c6,Aufgaben im finanziellen Rechnungswesen bearbeiten (Option «Finanzen»),c6.1,Bei der Erstellung des Jahresabschlusses mitarbeiten,3,"Bin ich in der Lage, einen wirkungsvollen Beitrag zum Jahresabschluss zu leisten?",,,
c. Koordinieren von unternehmerischen Arbeitsprozessen,c6,Aufgaben im finanziellen Rechnungswesen bearbeiten (Option «Finanzen»),c6.2,,,"Gelingt es mir, buchhalterische Aufgaben rechtskonform auszuführen?",,,
d. Gestalten von Kunden- oder Lieferantenbeziehungen,d1,Anliegen von Kunden oder Lieferanten entgegennehmen,d1.1,Anliegen entgegennehmen und weiterleiten,1,Gestalte ich den Kundenkontakt dienstleistungsorientiert?,"d1.bank.bt1
Sie empfangen Bankkunden, indem Sie eine angenehme Gesprächsatmosphäre schaffen. (K3)","d1.bank.ük2
Sie zeigen, wie sie Bankkunden wertschätzend empfangen, Bedürfnisse erkennen und triagieren.","• Verhalten und Auftritt gegenüber Kunde 
• Zielgruppenorientierter Empfang (Neukunde, bestehender Kunde, Generation, Normen/Werte)
• Bedürfnisanalyse mit geeigneten Fragetechniken und Einsatz von Visualisierungshilfen
• Effiziente Weiterleitung und Triage an bankinterne Ansprechpersonen und Abteilungen
• Eigene Aufgaben, Kompetenzen und Verantwortung kennen"
d. Gestalten von Kunden- oder Lieferantenbeziehungen,d1,Anliegen von Kunden oder Lieferanten entgegennehmen,d1.2,Physischen Kontakt gestalten ,1,"Erfasse ich die Anliegen meines Gegenübers vollumfänglich, um daraus Bedürfnisse abzuleiten?","d1.bank.bt2
Sie erfassen die Bedürfnisse von Bankkunden. (K3)","d1.bank.ük1
Sie setzen die wichtigsten regulatorischen Grundlagen für den Empfang, die Weiterleitung und Assistenz von Bankkunden vor Ort um.

d1.bank.ük3
Sie beschreiben die Bedeutung des Digitalen Bankings und erklären die Merkmale der entsprechenden Produkte und Dienstleistungen. ","d1.bank.ük1
• Regulatorische Grundlagen vgl. b1.bank.ük1/2
• Fokus: Identifizierung gem. VSB, Bankkundengeheimnis und Diskretion gem. BankG, Datenschutz gem. DSG
• Vollmachten
• Kundenzonen und Zutrittsberechtigungen

d1.bank.ük3
• Einsatzmöglichkeiten und Tools im Bereich Digital Banking (Produkte, Dienstleistungen, Banklösungen, Kanäle), vgl. d3.bank.ük6
• Kundennutzen inkl. Nutzenargumentation 
• Sicherheit (2-Stufen Identifizierung, Passwörter, Datenschutz, Umgang mit Betrugsfällen/-situationen)
• Vertragliche Grundlagen zum Digital Banking und Sicherheitsmerkmale vgl. b3.bank.ük3"
d. Gestalten von Kunden- oder Lieferantenbeziehungen,d1,Anliegen von Kunden oder Lieferanten entgegennehmen,d1.3,"Professionell im telefonischen Kundenkontakt
",1,Bearbeite ich Kundenbedürfnisse professionell und zielführend?,"d1.bank.bt3
Sie leiten die Bankkunden an die passenden Partner weiter. (K3)

d1.bank.bt4
Sie analysieren Problemstellungen von Bankkunden im Umgang mit digitalen Bankangeboten und Tools vor Ort und bieten Hilfestellungen an. (K4)",,
d. Gestalten von Kunden- oder Lieferantenbeziehungen,d2,Informations- und Beratungsgespräche mit Kunden oder Lieferanten führen,d2.1,"Kundenanfragen digital entgegennehmen und weiterleiten
",1,"Gelingt es mir Anfragen über digitale Kanäle jederzeit situationsgerecht entgegen zu nehmen, zu beantworten oder weiterzuvermitteln?","d2.bank.bt1
Sie nehmen digitale Anfragen von Bankkunden und potenziellen Bankkunden entgegen. (K3)

d2.bank.bt3
Sie leiten die Bankkunden situationsgerecht an die passenden Partner weiter. (K4)

d2.bank.bt4
Sie setzen die betrieblichen Vorgaben und Compliance-Richtlinien im Kontakt mit Bankkunden über digitale Kanäle sorgfältig um.

d2.bank.bt6
Sie führen die administrativen Tätigkeiten über digitale Kanäle aus. (K3)","d2.bank.ük1
Sie erklären die wichtigsten regulatorischen Grundlagen für die Beratung über digitale Kanäle

d2.bank.ük5
Sie erklären die Unterschiede zwischen physischer und digitaler Bankberatung.","d2.bank.ük1
• Regulatorische Grundlagen vgl. b1.bank.ük1/2/3
• Fokus: BankG, VSB, DSG, Online- und Videoidentifizierung, 
E-Mail Vereinbarung, Chatfunktionen
• AGB
d2.bank.ük5
• Vorbereitung (Beratungszimmer vs. Systeme)
• Gesprächseröffnung (persönliche Gastgeberrolle vs. virtueller Auftritt)
• Bedarfsermittlung (Fragetechniken, Bedürfnisse trotz weniger verbalen und nonverbalen Signalen des Kunden erkennen und einschätzen lernen) 
• Kundenspezifisches Angebot (physische vs. digitale Visualisierungsmöglichkeiten)
• Abschluss (physischer Vertragsabschluss vs. digitales Einverständnis des Kunden und weiteres Vorgehen) 
• Kontaktsicherung (Feedback zur digitalen Beratung einholen)
• Gesprächsanalyse (digitale Schwierigkeiten mit System an betroffene Stellen weiterleiten)"
d. Gestalten von Kunden- oder Lieferantenbeziehungen,d2,Informations- und Beratungsgespräche mit Kunden oder Lieferanten führen,d2.2,Mit Kundenreklamationen und Einwänden umgehen,1,Gelingt es mir Besprechungen über digitale Kanäle konstruktiv auszuwerten?,"d2.bank.bt8
Sie nehmen Kundenreklamationen strukturiert entgegen. (K3)","d2.bank.ük4
Sie zeigen den wirkungsvollen Umgang mit Kundeneinwänden und 
-reklamationen. ","d2.bank.ük4
• Aktives Zuhören
• Verständnis zeigen 
• relevante Inhalte festhalten (Dokumentation gem. FIDLEG)
• Sachverhalt klären, mit sachlichen Argumenten widerlegen
• Lösung anbieten, Alternativen aufzeigen
• Zustimmung des Kunden abholen
• Massnahmen einleiten, weiteres Vorgehen klären
• Reklamation vermerken"
d. Gestalten von Kunden- oder Lieferantenbeziehungen,d2,Informations- und Beratungsgespräche mit Kunden oder Lieferanten führen,d2.3,Beratungsgespräche (auf digitalen Kanälen) vorbereiten,2,Bereite ich Beratungsgespräche über digitale Kanäle umfassend und zielführend vor?,,,
d. Gestalten von Kunden- oder Lieferantenbeziehungen,d2,Informations- und Beratungsgespräche mit Kunden oder Lieferanten führen,d2.4,"Beratungsgespräche (auf digitalen Kanälen) professionell führen
",2,Führe ich Beratungsgespräche über digitale Kanäle mit allen Kunden fachkundig und professionell?,"d2.bank.bt2
Sie erfassen die Bedürfnisse von Bankkunden im digitalen Bereich. (K3)

d2.bank.bt5
Sie beraten die Bankkunden über digitale Kanäle und beantworten Anfragen von Kunden zu Banklösungen und Tools kompetent.

d2.bank.bt7
Sie prüfen und sprechen bei Anfragen Cross-Selling-Möglichkeiten aktiv an. (K4) 

","d2.bank.ük2
Sie beschreiben die Bankangebote und können sie über digitale Kanäle erklären. 

d2.bank.ük3
Sie wenden die Grundlagen der digitalen Beratung bei der Bank an. ","d2.bank.ük2
• Bankangebote gem. d3.bank.ük2/3/4/5/6, d1.bank.ük3 erläutern
• Visualisierungen und Erklärungen den digitalen Möglichkeiten anpassen 
• Lösungsmöglichkeiten bei gängigen technischen Problemen kundengerecht erklären
d2.bank.ük3
• Ablauf der digitalen Beratung erklären
• Verhaltensregeln betreffend digitaler Beratung kennen
• Vorbereitung (Fach, Technik, Kunde)
• Gesprächseröffnung (technische Hürden kennen und mögliche Problemlösungen erläutern, positiver Einstieg)
• Bedarfsermittlung (geeignete Fragen formulieren, erhaltene Informationen digital festhalten)
• Kundenspezifisches Angebot (digitale Visualisierungshilfen, Vorteil vs. Nutzen)
• Abschluss (mit geeigneter Fragetechnik digital einleiten)
• Cross-Selling (mögliche Nebenthemen auch im digitalen Gespräch erkennen und Lösungen anbieten)
• Kontaktsicherung (digitaler Folgetermin anbieten, weitere Informationen liefern, Verbindlichkeit schaffen)
• Gesprächsanalyse (Verarbeitung von Pendenzen und Feedbacks von Kunde, weitere Stellen in Prozess involvieren)"
d. Gestalten von Kunden- oder Lieferantenbeziehungen,d3,Verkaufs- und Verhandlungsgespräche mit Kunden oder Lieferanten führen,d3.1,Beratungsgespräche (auf digitalen Kanälen) vorbereiten,2,Bereite ich alle notwendigen Grundlagen für ein Beratungsgespräch ausreichend vor?,"d3.bank.bt1
Sie setzen die betrieblichen Vorgaben und Compliance-Richtlinien im Kontakt mit Bankkunden sorgfältig um. (K3)

d3.bank.bt7
Sie führen die administrativen Tätigkeiten aus und koordinieren involvierte Schnittstellen. (K3)","d3.bank.ük1
Sie erklären die wichtigsten regulatorischen Grundlagen für die Beratung von Bankkunden. ","d3.bank.ük1
• Regulatorische Grundlagen vgl. b1.bank.ük1/2
• Fokus: FINIG, FIDLEG, FINMAG, FinfraG, KAG, KKG (Ziele und zentrale Inhalte), VSB 
• AGB"
d. Gestalten von Kunden- oder Lieferantenbeziehungen,d3,Verkaufs- und Verhandlungsgespräche mit Kunden oder Lieferanten führen,d3.2,Beratungsgespräche (auf digitalen Kanälen) professionell führen,2,"Gelingt es mir, Beratungsgespräche erfolgsversprechend und dienstleistungsorientiert zu führen?","d3.bank.bt2
Sie führen einen gesamtheitlichen Beratungsprozess. (K6)

d3.bank.bt3
Sie erklären Bankkunden die technologischen Möglichkeiten von Bankangeboten. (K3)

d3.bank.bt4
Sie prüfen und sprechen Cross-Selling-Möglichkeiten im Kontakt mit Bankkunden aktiv an. (K4)

d3.bank.bt6
Sie leiten die Bankkunden und deren Bedürfnisse situationsgerecht an die passenden Partner weiter. (K4)

d3.bank.bt8
Sie berücksichtigen bei ihren Tätigkeiten die Schonung der Ressourcen und die Einsparung von Energie. (K3)","d3.bank.ük2
Sie vergleichen die Produkte, Dienstleistungen und Vorgaben für Privatkunden im Bereich Basisdienstleistungen. 

d3.bank.ük3
Sie vergleichen die Produkte, Dienstleistungen und Vorgaben für Privatkunden im Bereich Vorsorge.  

d3.bank.ük4
Sie vergleichen die Produkte, Dienstleistungen und Vorgaben für Privatkunden im Bereich Anlegen. 

d3.bank.ük5
Sie vergleichen die Produkte, Dienstleistungen und Vorgaben für Privatkunden im Bereich Finanzieren. 

d3.bank.ük6
Sie beschreiben gängige digitale Bankprodukte.

d3.bank.ük7
Sie beschreiben gängige nachhaltige Finanzprodukte und deren Vor- und Nachteile. 

d3.bank.ük9
Sie verknüpfen ihre Beratungskompetenz mit dem Fachwissen Branche Bank unter Berücksichtigung der Nachhaltigkeitsthematik.","d3.bank.ük2
• Kontosortiment inkl. Preisgestaltung
• Zahlungsverkehrsprodukte (Kartensortiment, Zahlungsaufträge, digitale Lösungen vgl. d3.bank.ük6)
• Zahlungsverkehrssysteme (SIC, euroSIC)
• Zahlungsverkehrsstandards (SEPA, IBAN)
• Kommunikationssystem SWIFT (Nostro- und Vostro-Konto)
• Währungen (Noten, Devisen, Wechselkurse inkl. Berechnung)
3.bank.ük3
• Vorsorgesystem der Schweiz (Ziele, Zweck, Finanzierung, Leistungen der drei Säulen, Entwicklung und Herausforderungen)
• Kontoprodukte und Anlageformen 2. und 3. Säule
• Ordentliche und ausserordentliche Ein-/Auszahlungen von Vorsorgegelder inkl. steuerliche Auswirkungen
d3.bank.ük4
• Anlagepolitik der eigenen Bank
• Primär-/Sekundärmarkt und Finanzinstrumente unterscheiden:
o Laufzeit: Geld- und Kapitalmarkt
o Rechte und Pflichten: Forderungspapiere, Beteiligungspapiere, Derivative Instrumente
o Art der Anlage: Konventionelle und alternative Anlagen
• Gläubiger- und Beteiligungspapiere (Namenaktien, Partizipationsscheine, Genussscheine, Genossenschaftsanteile, Straight Bonds, Pfandbriefe)
• Anlagefonds (Arten nach KAG, aktives und passives Management, beteiligte Parteien, Inhalte Factsheets ohne Kennzahlen)
• Geldmarktinstrumente (Unterschied Zins- und Diskontpapiere, in der Schweiz gebräuchliche Geldmarktanlagen)
• Edelmetalle (Eigenschaften und Risiken von direkten und indirekten Anlagen, Fokus Gold)
• Kennzahlen interpretieren und berechnen (Rating, Rendite auf Verfall, Aktienrendite, Dividendenrendite, Kurs-Gewinn-Verhältnis, Börsenkapitalisierung)
• SIX Die Schweizer Börse (Aufgaben und Organisation, Ablauf Börsenauftrag, Auftragsarten, Börsenabrechnung, Indizes)
• Anlegerprofil, Anlagestrategien, magisches Dreieck
• Depotanalyse hinsichtlich Risiken und Anlagestrategie mit Ableitung einer Empfehlung/Anlagevorschlag für Kunde (keine Einzeltitel, Fokus auf Anlagefonds oder Vermögensverwaltungsmandate vgl. d4.bank.ük2)
• Aufbewahrung und Verwaltung von Vermögenswerten (SIX SIS, Bucheffektengesetz)
d3.bank.ük5
• Kreditpolitik der eigenen Bank
• Ablauf Kreditgeschäft (alle Phasen inkl. Rückführung durch Amortisation und Annuität)
• Bonitätsprüfung (Kreditwürdigkeit und -fähigkeit)
• Rating und Risk Adjusted Pricing 
• Kreditformen (Darlehen, Fester Vorschuss, Kontokorrent)
• Kreditarten 
• Grundpfandkredite (Baukredit, Hypotheken)
o Grundbuchauszug (Eigentum und dingliche Rechte)
o Papier- und Registerschuldbrief
o Grundstückbewertung und -belehnung
o Finanzierungsplan und Tragbarkeitsberechnung (Eigenmittelvorschriften, Verpfändung und Bezug 2./3. Säule mit steuerlichen Auswirkungen, WEF)
• Faustpfandkredite (Lombardkredit, Belehnungsrichtlinien, Nach- und Eindeckung, freihändiges Verwertungsrecht)
• Personalkredite
o Gedeckt (Bürgschaft)
o Ungedeckt (Konsum-/Privatkredit, KKG, Unterschiede und Abgrenzung zu Leasing)
d3.bank.ük6
• Nutzen und Risiken von E-Banking, Mobile Banking, Mobile Payment
• Aktuelle Apps und digitale Angebote der Schweizer Banken
• vgl. auch d1.bank.ük3, d2.bank.ük2 und b3.bank.ük4

d3.bank.ük7
• Sustainable Funds, Green Bonds, Impact Investing, Microfinance, Active Ownership, Credits for Sustainable Projects
• Quelle: https://www.sustainablefinance.ch/
d3.bank.ük9
• Beratungsprozess der eigenen Bank erläutern
• Beratungsunterlagen der eigenen Bank kennen und einsetzen
• Bedeutung der Bedürfnisabklärung aufzeigen und Kundenbedürfnisse in Lösungsvorschlag einfliessen lassen
• Fragetechniken anwenden
• Nachhaltigkeitspräferenzen des Kunden erfragen
• Fachausdrücke kundengerecht erklären und Fachwissen im Kontakt mit Kunden gezielt einsetzen
• Kundennutzen sowie Vor- und Nachteile der Produkte und Dienstleistungen aufzeigen
• Angebot machen und Abschluss erzielen, Cross Selling 
• Kundenreklamationen bearbeiten, kritische Bemerkungen und Einwände entkräften
• Regelmässige Reflexion der eigenen Beratungskompetenz"
d. Gestalten von Kunden- oder Lieferantenbeziehungen,d3,Verkaufs- und Verhandlungsgespräche mit Kunden oder Lieferanten führen,d3.3,Einwände behandeln,2,Gelingt es mir Verhandlungsgespräche konstruktiv zu führen?,"d3.bank.bt5
Sie beurteilen anhand von volkswirtschaftlichen sowie marktwirtschaftlichen Entwicklungen und betrieblichen Vorgaben die situationsgerechten Auswirkungen auf die Beratung für Bankkunden. (K6) ","d3.bank.ük8
Sie beurteilen die Auswirkungen volkswirtschaftlicher und marktwirt-schaftlicher Entwicklungen auf die Beratung für Bankkunden. ","d3.bank.ük8
• Grundlage b3.bank.ük3/4/8/9 
• Visualisierungen, Hilfsmittel und Quellen
• Regelmässige Marktbeobachtung
o Indikatoren gem. b3.bank.ük8/9 (z.B. Leitzinsen, Arbeitslosigkeit, Währungsentwicklung) identifizieren
o Auswirkungen auf andere Parameter darlegen
o Prognosen ableiten und fundiert argumentieren"
d. Gestalten von Kunden- oder Lieferantenbeziehungen,d3,Verkaufs- und Verhandlungsgespräche mit Kunden oder Lieferanten führen,d3.4,,,"Gelingt es mir, Beratungs- und Verhandlungsgespräche im richtigen Moment professionell und freundlich abzuschliessen?",,,
d. Gestalten von Kunden- oder Lieferantenbeziehungen,d3,Verkaufs- und Verhandlungsgespräche mit Kunden oder Lieferanten führen,d3.5, ,,Bereite ich Beratungs- und Verhandlungsgespräche entsprechend dem Ergebnis zielführend nach?,,,
d. Gestalten von Kunden- oder Lieferantenbeziehungen,d3,Verkaufs- und Verhandlungsgespräche mit Kunden oder Lieferanten führen,d3.6,,,"Gelingt es mir, Beratungs- und Verhandlungsgespräche konstruktiv auszuwerten?",,,
d. Gestalten von Kunden- oder Lieferantenbeziehungen,d4,Beziehungen mit Kunden oder Lieferanten pflegen,d4.1,Beziehungen aufbauen,2,"Informiere ich mich umfassend darüber, wie ich Beziehungen zu Kunden oder Lieferanten in meinem Betrieb aufbauen und pflegen kann?","d4.bank.bt1
Sie setzen die betrieblichen Vorgaben und Compliance-Richtlinien im Kontakt mit Bankkunden mit komplexen Bedürfnissen sorgfältig um. (K3)
","d4.bank.ük1
Sie erklären die wichtigsten regulatorischen Grundlagen für die Betreu-ung von Bankkunden mit komplexen Bedürfnissen. 
","d4.bank.ük1
• Komplexe Kunden = vermögende und kommerzielle Kunden, ausländische Kunden (natürliche und juristische Personen)
• Regulatorische Grundlagen vgl. b1.bank.ük1/2/3
• Fokus: FINIG, FIDLEG, FINMAG, FinfraG, KAG, KKG (Ziele und zentrale Inhalte), VSB, internationale Abkommen z.B. AIA, FATCA
• AGB "
d. Gestalten von Kunden- oder Lieferantenbeziehungen,d4,Beziehungen mit Kunden oder Lieferanten pflegen,d4.2,Beziehungen pflegen,2,"Unterstütze ich den/die Kundenberater/in wirkungsvoll dabei, die Beziehungen im Berufskontext für sein/ihr Gegenüber stets zufriedenstellend und vertrauensfördernd zu gestalten?","d4.bank.bt2
Sie koordinieren effizient Termine und bereiten Kundengespräche mit Bankkunden mit komplexen Bedürfnissen zielführend vor. (K3)

d4.bank.bt3
Sie analysieren die volkswirtschaftlichen und marktwirtschaftlichen Entwicklungen und beziehen diese sowie betrieblichen Vorgaben in die Vorbereitung der Kundengespräche ein. (K4)

d4.bank.bt6
Sie führen administrative Tätigkeiten für Kundenberater mit Bankkunden mit komplexen Bedürfnissen aus und koordinieren die notwendigen Schnittstellen selbständig. (K3)","d4.bank.ük3
Sie wenden Methoden an, um ein Kundengespräch mit Bankkunden mit komplexen Bedürfnissen ziel-führend vorzubereiten.  

d4.bank.ük4
Sie analysieren Geschäftsabschlüsse entsprechend Vorgaben der Kundenberater von Geschäfts- und Unternehmenskunden zielorientiert.","d4.bank.ük3
• Vertrauenswürdige Informationsquellen (intern und extern) anwenden und unverlässliche Quellen erkennen
• Strukturierung von Unterlagen
• Priorisierung und Planung der Arbeitsschritte
• Digitale Hilfsmittel und Tools
• Schnittstellen zu anderen Prozessen und Abteilungen
• Termine und Qualitätsvorgaben
• Laufende Reflexion der angewendeten Methoden
d4.bank.ük4
• Bonitätsprüfung (Unterlagen und Kriterien zur Beurteilung der Kreditwürdigkeit und -fähigkeit, Faustregeln) 
• Bilanzkennzahlen berechnen und interpretieren
o Liquiditätsgrad II (Zahlungsbereitschaft)
o Anlagedeckungsgrad II (goldene Bilanzregel)
o Eigen- und Fremdfinanzierungsgrad (Kapitalstruktur)
• Erfolgsbezogene Kennzahlen interpretieren
o Eigenkapitalrendite
o Cashflow
• Auswirkungen auf Rating und Risk Adjusted Pricing"
d. Gestalten von Kunden- oder Lieferantenbeziehungen,d4,Beziehungen mit Kunden oder Lieferanten pflegen,d4.3,"Feedback nutzen
",2,"Helfe ich konstruktiv mit, die Beziehung zu meinen Kunden und Lieferanten längerfristig (auf Dauer?) zu pflegen?
","d4.bank.bt4
Sie informieren Bankkunden mit komplexen Bedürfnissen und dessen Berater über die gängigsten Bankangebote. (K3)

d4.bank.bt5
Sie erklären Bankkunden mit komplexen Bedürfnissen die technologischen Möglichkeiten von Bankdienstleistungen und -produkten. (K3)","d4.bank.ük2
Sie erklären die Bankangebote und Vorgaben für Bankkunden mit komplexen Bedürfnissen im Bereich Basisdienstleistungen, Anlegen, Finanzieren und Vorsorge.

d4.bank.ük5
Sie leiten anhand von volkswirtschaftlichen und marktwirtschaftlichen Entwicklungen die Auswir-kungen auf Produkte im Bereich Anlegen und Vorsorge für Bankkunden mit komplexen Bedürfnissen ab.  ","d4.bank.ük2
• Grundlagen gem. d3.bank.ük2/3/4/5/6 
• Devisen (Kassa, Termin, Swap)
• Optionen (Arten (Eurex, Warrants, OTC), Grundstrategien mit Payoff-Diagrammen, innerer Wert und Zeitwert)
• Strukturierte Produkte (Definition, Kategorien gem. Swiss Derivative Map mit Beispiel und Markterwartung)
• Vermögensverwaltungsmandate und Portfoliomanagement mit Berücksichtigung der Nachhaltigkeitsaspekte, vgl. d3.bank.ük7
• Steueroptimierungen im Rahmen der Finanz- und Pensionsplanung sowie im Hypothekarbereich (vgl. d3.bank.ük5)
• Basisdienstleistungen gem. d3.bank.ük2 für Firmenkunden
• Ungedeckte Kredite an Firmenkunden (Ablauf Kreditgeschäft, Bonitätsprüfung vgl. d4.bank.ük4, Kreditform zur Auszahlung, Sicherungsklauseln)
• Kapitalbeschaffung Firmenkunden (Eigen- und Fremdkapital)
o IPO und Aktienkapitalerhöhung (Ablauf, Verwässerung und Bedeutung Bezugsrechte)
o Emission von Anleihen (Ablauf, Platzierungsformen)
o Aufgaben einer Investment Bank
d4.bank.ük5
• Grundlage b3.bank.ük3/4/8/9 
• Visualisierungen, Hilfsmittel und Quellen
• Charts interpretieren und Quellen hinterfragen
• Regelmässige Marktbeobachtung
o Indikatoren gem. b3.bank.ük8/9 (z.B. Leitzinsen, Ar-beitslosigkeit, Währungsentwicklung) identifizieren
o Auswirkungen auf andere Parameter darlegen
o Prognosen ableiten und fundiert argumentieren"
d. Gestalten von Kunden- oder Lieferantenbeziehungen,d4,Beziehungen mit Kunden oder Lieferanten pflegen,d4.4,,,"Gelingt es mir, entsprechende Verbesserungsmassnahmen aus dem Kundenfeedback und der Reflexion für die Zukunft abzuleiten und erfolgsversprechend umzusetzen?",,,
d. Gestalten von Kunden- oder Lieferantenbeziehungen,d5,"Anspruchsvolle Beratungs-, Verkaufs- und Verhandlungssituationen mit Kunden oder Lieferanten in der Landessprache gestalten (Option «Standardsprache»)",d5.1,Reklamationsgespräche erfolgreich führen,3, Gestalte ich anspruchsvolle Beratungsgespräche professionell?,,,
d. Gestalten von Kunden- oder Lieferantenbeziehungen,d5,"Anspruchsvolle Beratungs-, Verkaufs- und Verhandlungssituationen mit Kunden oder Lieferanten in der Landessprache gestalten (Option «Standardsprache»)",d5.2,Anspruchsvolle Beratungsgespräche gestalten,3,Führe ich anspruchsvolle Verkaufsgespräche ergebnisorientiert?,,,
d. Gestalten von Kunden- oder Lieferantenbeziehungen,d5,"Anspruchsvolle Beratungs-, Verkaufs- und Verhandlungssituationen mit Kunden oder Lieferanten in der Landessprache gestalten (Option «Standardsprache»)",d5.3,Herausfordernde Verkaufsgespräche führen,3,"Gelingt es mir, anspruchsvolle Verhandlungsgespräche systematisch zu führen?",,,
d. Gestalten von Kunden- oder Lieferantenbeziehungen,d6,"Anspruchsvolle Beratungs-, Verkaufs- und Verhandlungssitua-tionen mit Kunden oder Lieferanten in der Fremdsprache gestalten (Option «Fremdsprache»)",d6.1,Reklamationsgespräche in der Fremdsprache erfolgreich führen,3, Gestalte ich anspruchsvolle Beratungsgespräche in der Fremdsprache professionell?,,,
d. Gestalten von Kunden- oder Lieferantenbeziehungen,d6,"Anspruchsvolle Beratungs-, Verkaufs- und Verhandlungssitua-tionen mit Kunden oder Lieferanten in der Fremdsprache gestalten (Option «Fremdsprache»)",d6.2,Anspruchsvolle Beratungsgespräche in der Fremdsprache gestalten,3,Führe ich anspruchsvolle Verkaufsgespräche in der Fremdsprache ergebnisorientiert?,,,
d. Gestalten von Kunden- oder Lieferantenbeziehungen,d6,"Anspruchsvolle Beratungs-, Verkaufs- und Verhandlungssitua-tionen mit Kunden oder Lieferanten in der Fremdsprache gestalten (Option «Fremdsprache»)",d6.3,Herausfordernde Verkaufsgespräche in der Fremdsprache führen,3,"Gelingt es mir, anspruchsvolle Verhandlungsgespräche in der Fremdsprache systematisch zu führen?",,,
e. Einsetzen von Technologien der digitalen Arbeitswelt,e2,Informationen im wirtschaftlichen und kaufmännischen Bereich recherchieren und auswerten,e2.4,,,Dokumentiere ich meine Rechercheergebnisse in geeigneter Weise?,"e2.bank.bt1
Sie erläutern den Unternehmenszweck und das Dienstleistungsangebot ihres Betriebs. (K2)
",,
e. Einsetzen von Technologien der digitalen Arbeitswelt,e2,Informationen im wirtschaftlichen und kaufmännischen Bereich recherchieren und auswerten,e2.5,,,"Gelingt es mir, mein eigenes Vorgehen laufend zu analysieren und zu optimieren?","e2.bank.bt4
Sie kommunizieren gemäss dem betrieblichen Informations- und Kommunikationskonzept. (K3)",,
e. Einsetzen von Technologien der digitalen Arbeitswelt,e3,Markt- und betriebsbezogene Statistiken und Daten auswerten und aufbereiten,e3.3,Quantitative Auswertung durchführen,2,"Bin ich in der Lage, quantitative Auswertungen sauber durchzuführen?",,,
e. Einsetzen von Technologien der digitalen Arbeitswelt,e3,Markt- und betriebsbezogene Statistiken und Daten auswerten und aufbereiten,e3.4,Ergebnisse interpretieren,2,Interpretiere ich Ergebnisse aus Analysen und Auswertungen plausibel?,,,
e. Einsetzen von Technologien der digitalen Arbeitswelt,e4,Betriebsbezogene Inhalte multimedial aufbereiten,e4.1,Aufbereitungsauftrag abholen und ausführen,2,"Bin ich in der Lage, die Ansprüche an eine multimediale Aufbereitung vollständig zu klären?",,,
e. Einsetzen von Technologien der digitalen Arbeitswelt,e4,Betriebsbezogene Inhalte multimedial aufbereiten,e4.2,Vorlage erstellen,2,"Gelingt es mir, Inhalte für eine Medienaufbereitung vollständig abzuholen?",,,
e. Einsetzen von Technologien der digitalen Arbeitswelt,e4,Betriebsbezogene Inhalte multimedial aufbereiten,e4.3,Qualität überprüfen,2,Bereite ich multimediale Inhalte gemäss betrieblichen Standards professionell auf?,,,
e. Einsetzen von Technologien der digitalen Arbeitswelt,e4,Betriebsbezogene Inhalte multimedial aufbereiten,e4.4,,,"Bin ich in der Lage, geeignete Vorlagen für Medienformate zu erstellen?",,,
e. Einsetzen von Technologien der digitalen Arbeitswelt,e4,Betriebsbezogene Inhalte multimedial aufbereiten,e4.5,,,"Gelingt es mir, die Qualität von betrieblichen Medienbeiträgen zuverlässig zu überprüfen?",,,
e. Einsetzen von Technologien der digitalen Arbeitswelt,e5,Technologien im kaufmännischen Bereich einrichten und betreuen (Option «Technologie»),e5.1,Inhaltsverwaltungssystem aufsetzen und betreuen,3,Gehe ich fachkundig mit Datenbanken und Inhaltsverwaltungssystemen in meinem Betrieb um?,,,
e. Einsetzen von Technologien der digitalen Arbeitswelt,e5,Technologien im kaufmännischen Bereich einrichten und betreuen (Option «Technologie»),e5.2,,,Führe ich neue Applikationen in meinem Team verständlich ein?,,,
e. Einsetzen von Technologien der digitalen Arbeitswelt,e5,Technologien im kaufmännischen Bereich einrichten und betreuen (Option «Technologie»),e5.3,,,Leiste ich hilfsbereiten Support bei meinen Arbeitskollegen?,,,
e. Einsetzen von Technologien der digitalen Arbeitswelt,e5,Technologien im kaufmännischen Bereich einrichten und betreuen (Option «Technologie»),e5.4,,,Setze ich mich aktiv mit Angeboten von technischer Infrastruktur auseinander?,,,
e. Einsetzen von Technologien der digitalen Arbeitswelt,e6,Grosse Datenmengen im Unternehmen auftragsbezogen auswerten (Option «Technologie»),e6.1,Grosse Datenmengen bereinigen und aufbereiten,3,Bereite ich die Auswertung grosser Datenmengen ganzheitlich vor?,,,
e. Einsetzen von Technologien der digitalen Arbeitswelt,e6,Grosse Datenmengen im Unternehmen auftragsbezogen auswerten (Option «Technologie»),e6.2,,,"Gelingt es mir, grosse Datenmengen aussagekräftig auszuwerten?",,,
e. Einsetzen von Technologien der digitalen Arbeitswelt,e6,Grosse Datenmengen im Unternehmen auftragsbezogen auswerten (Option «Technologie»),e6.3,,,Bereite ich meine Ergebnisse adressatengerecht und verständlich auf?,,,
